time_stamp, total time, scan point size, incremental time, search time, delete size, delete time, tree size st, tree size end, add point size, preprocess time
1684473782.87800598,0.02296662,1380,0.00269527,0.00000000,0,0.00000000,1097,1778,820,0.00000000
1684473782.97792435,0.01718854,1415,0.00231622,0.00000000,0,0.00000000,1778,2307,688,0.00108345
1684473783.07793689,0.01814668,1343,0.00238151,0.00000000,0,0.00000000,2307,2739,606,0.00048967
1684473783.17809439,0.02592081,1433,0.00249719,0.00000000,0,0.00000000,2739,3007,525,0.00132238
1684473783.27784419,0.01853210,1406,0.00270919,0.00000000,0,0.00000000,3007,3312,524,0.00054409
1684473783.37791824,0.02360763,1429,0.00275932,0.00000000,0,0.00000000,3312,3556,449,0.00062525
1684473783.47762489,0.01951180,1388,0.00154766,0.00000000,0,0.00000000,3556,3806,348,0.00058728
1684473783.57769990,0.02110923,1405,0.00155306,0.00000000,0,0.00000000,3806,4044,378,0.00134714
1684473783.67765188,0.02380619,1417,0.00192536,0.00000000,0,0.00000000,4044,4202,379,0.00038958
1684473783.77770615,0.02259757,1387,0.00152625,0.00000000,0,0.00000000,4202,4435,351,0.00053616
1684473783.87764883,0.02255781,1409,0.00234223,0.00000000,0,0.00000000,4435,4533,353,0.00048142
1684473783.97752976,0.02317150,1421,0.00153035,0.00000000,0,0.00000000,4533,4737,346,0.00052899
1684473784.07759547,0.02299629,1405,0.00166170,0.00000000,0,0.00000000,4737,4864,308,0.00054611
1684473784.17750430,0.01921982,1411,0.00213624,0.00000000,0,0.00000000,4864,5062,289,0.00055234
1684473784.27762437,0.01614249,1435,0.00115305,0.00000000,0,0.00000000,4650,4850,252,0.00041635
1684473784.37771440,0.02027236,1405,0.00107465,0.00000000,0,0.00000000,4850,4980,189,0.00049553
1684473784.47928810,0.01834181,1415,0.00112660,0.00000000,0,0.00000000,4980,5152,241,0.00052771
1684473784.57752919,0.01799648,1400,0.00125805,0.00000000,0,0.00000000,5152,5321,262,0.00038363
1684473784.67761135,0.01889912,1389,0.00148275,0.00000000,0,0.00000000,5321,5492,287,0.00037857
1684473784.78639817,0.02412494,1446,0.00126297,0.00000000,0,0.00000000,5492,5629,233,0.00041341
1684473784.87765503,0.02273961,1398,0.00125930,0.00000000,0,0.00000000,5629,5782,230,0.00038609
1684473784.97734714,0.01985994,1427,0.00134004,0.00000000,0,0.00000000,5782,5884,220,0.00038769
1684473785.07798290,0.02058688,1421,0.00160936,0.00000000,0,0.00000000,5884,5961,229,0.00154263
1684473785.17760301,0.01881360,1417,0.00144429,0.00000000,0,0.00000000,5961,6060,224,0.00057173
1684473785.27792931,0.02546673,1397,0.00144720,0.00000000,0,0.00000000,6060,6140,169,0.00037633
1684473785.37752247,0.02278180,1425,0.00103987,0.00000000,0,0.00000000,6140,6202,168,0.00038443
1684473785.47806430,0.02460281,1423,0.00192159,0.00000000,0,0.00000000,6202,6152,190,0.00038996
1684473785.57788014,0.02305851,1432,0.00084956,0.00000000,0,0.00000000,5995,6068,144,0.00040295
1684473785.67876482,0.02056430,1378,0.00110990,0.00000000,0,0.00000000,6068,6117,183,0.00093581
1684473785.77876735,0.02088676,1460,0.00095769,0.00000000,0,0.00000000,6117,6183,152,0.00083801
1684473785.87880659,0.02205277,1398,0.00091358,0.00000000,0,0.00000000,6183,6253,171,0.00057112
1684473785.97869253,0.02019861,1421,0.00136745,0.00000000,0,0.00000000,6253,6321,156,0.00040580
1684473786.07880044,0.02065313,1435,0.00123914,0.00000000,0,0.00000000,6321,6346,164,0.00043999
1684473786.17968440,0.02398130,1408,0.00085148,0.00000000,0,0.00000000,6346,6431,138,0.00048839
1684473786.27859426,0.02054341,1408,0.00107570,0.00000000,0,0.00000000,6431,6475,155,0.00052937
1684473786.37885880,0.01895999,1406,0.00069934,0.00000000,0,0.00000000,6475,6571,129,0.00037768
1684473786.47770190,0.01889268,1402,0.00080679,0.00000000,0,0.00000000,6571,6669,141,0.00038161
1684473786.57912493,0.02355548,1418,0.00151752,0.00000000,0,0.00000000,6669,6652,131,0.00057138
1684473786.67859912,0.02756001,1367,0.00130993,0.00000000,0,0.00000000,6652,6728,166,0.00038967
1684473786.77728462,0.02469276,1471,0.00104151,0.00000000,0,0.00000000,6728,6769,146,0.00039722
1684473786.87837601,0.02720457,1413,0.00180700,0.00000000,0,0.00000000,6769,6826,138,0.00040029
1684473786.97847223,0.02122006,1403,0.00119218,0.00000000,0,0.00000000,6826,6843,152,0.00040336
1684473787.07834411,0.01828419,1411,0.00060586,0.00000000,0,0.00000000,6843,6921,111,0.00048606
1684473787.17842627,0.02814069,1415,0.00191132,0.00000000,0,0.00000000,6921,6935,167,0.00041283
1684473787.27921605,0.01775958,1408,0.00083107,0.00000000,0,0.00000000,6637,6680,124,0.00044754
1684473787.37863302,0.02398593,1394,0.00116166,0.00000000,0,0.00000000,6680,6691,116,0.00038375
1684473787.47828293,0.01979752,1451,0.00071607,0.00000000,0,0.00000000,6691,6746,117,0.00047569
1684473787.57844925,0.02368138,1428,0.00069876,0.00000000,0,0.00000000,6746,6807,103,0.00056300
1684473787.67832780,0.01976444,1409,0.00050420,0.00000000,0,0.00000000,6807,6831,83,0.00045941
1684473787.77812529,0.02129239,1446,0.00077669,0.00000000,0,0.00000000,6831,6922,135,0.00042880
1684473787.87834549,0.02287344,1411,0.00080743,0.00000000,0,0.00000000,6922,6992,108,0.00044604
1684473787.97826457,0.01953638,1423,0.00081383,0.00000000,0,0.00000000,6992,7054,110,0.00052605
1684473788.07814169,0.02087478,1442,0.00072621,0.00000000,0,0.00000000,7054,7110,110,0.00044127
1684473788.17827177,0.02240545,1405,0.00060279,0.00000000,0,0.00000000,7110,7148,97,0.00052390
1684473788.27813983,0.02500485,1417,0.00099896,0.00000000,0,0.00000000,7148,7235,145,0.00042502
1684473788.37823772,0.02442205,1417,0.00077848,0.00000000,0,0.00000000,7235,7323,132,0.00037477
1684473788.48062849,0.02306055,1423,0.00056619,0.00000000,0,0.00000000,7323,7349,83,0.00045346
1684473788.57803345,0.01835543,1418,0.00077627,0.00000000,0,0.00000000,7349,7371,108,0.00056715
1684473788.67952466,0.01906299,1432,0.00083670,0.00000000,0,0.00000000,7371,7397,102,0.00053235
1684473788.77803969,0.02006492,1396,0.00069179,0.00000000,0,0.00000000,7397,7401,93,0.00060199
1684473788.87831545,0.02125118,1415,0.00069051,0.00000000,0,0.00000000,7401,7480,120,0.00057611
1684473788.97784662,0.02000298,1445,0.00084585,0.00000000,0,0.00000000,7480,7471,114,0.00037285
1684473789.07799840,0.02274995,1386,0.00069918,0.00000000,0,0.00000000,7471,7494,102,0.00038596
1684473789.17826509,0.01864587,1408,0.00089256,0.00000000,0,0.00000000,7494,7539,135,0.00048542
1684473789.27777243,0.01967035,1432,0.00107673,0.00000000,0,0.00000000,7539,7561,95,0.00055529
1684473789.37937903,0.01790356,1377,0.00096038,0.00000000,0,0.00000000,7561,7506,89,0.00040276
1684473789.47532678,0.02304256,1446,0.00049182,0.00000000,0,0.00000000,7506,7539,76,0.00053689
1684473789.57765245,0.01845962,1398,0.00073673,0.00000000,0,0.00000000,7539,7535,89,0.00054770
1684473789.68061519,0.02338096,1435,0.00061165,0.00000000,0,0.00000000,7535,7557,83,0.00040298
1684473789.77762961,0.02403756,1420,0.00067464,0.00000000,0,0.00000000,7557,7602,83,0.00039178
1684473789.87756109,0.01890150,1415,0.00082800,0.00000000,0,0.00000000,7602,7644,100,0.00053865
1684473789.97762942,0.01863163,1406,0.00081754,0.00000000,0,0.00000000,7644,7645,97,0.00039287
1684473790.07754660,0.01715240,1423,0.00061677,0.00000000,0,0.00000000,7645,7700,95,0.00055317
1684473790.17767620,0.02187818,1409,0.00041811,0.00000000,0,0.00000000,7700,7754,70,0.00055852
1684473790.27762222,0.01917856,1419,0.00054406,0.00000000,0,0.00000000,7754,7807,70,0.00038055
1684473790.37763858,0.02271207,1437,0.00070756,0.00000000,0,0.00000000,7807,7812,93,0.00039015
1684473790.47821665,0.02299883,1400,0.00049118,0.00000000,0,0.00000000,7812,7865,85,0.00037902
1684473790.57762790,0.02352254,1418,0.00058766,0.00000000,0,0.00000000,7865,7920,83,0.00055205
1684473790.67751050,0.02889942,1421,0.00047969,0.00000000,0,0.00000000,7920,7946,52,0.00037640
1684473790.77800632,0.02316236,1395,0.00083629,0.00000000,0,0.00000000,7946,7944,95,0.00050356
1684473790.87756038,0.02130917,1417,0.00049703,0.00000000,0,0.00000000,7944,7969,67,0.00053302
1684473790.97905302,0.02178077,1434,0.00056133,0.00000000,0,0.00000000,7969,8001,89,0.00056530
1684473791.07793260,0.02361915,1408,0.00098555,0.00000000,0,0.00000000,8001,7925,81,0.00059617
1684473791.17806578,0.02498958,1413,0.00063126,0.00000000,0,0.00000000,7925,7943,71,0.00057806
1684473791.27793550,0.02226229,1440,0.00059771,0.00000000,0,0.00000000,7943,7934,80,0.00047531
1684473791.37804961,0.02271843,1393,0.00067992,0.00000000,0,0.00000000,7934,7943,68,0.00044697
1684473791.47796941,0.02250931,1402,0.00048935,0.00000000,0,0.00000000,7943,7997,83,0.00055509
1684473791.57877707,0.02138460,1415,0.00077832,0.00000000,0,0.00000000,7997,7994,94,0.00056079
1684473791.67794800,0.02651826,1430,0.00038862,0.00000000,0,0.00000000,7994,8025,60,0.00038129
1684473791.77882242,0.02220249,1408,0.00060286,0.00000000,0,0.00000000,8025,8051,78,0.00042924
1684473791.87868237,0.02075136,1415,0.00101380,0.00000000,0,0.00000000,8051,7949,87,0.00051776
1684473791.97780967,0.02369394,1424,0.00067122,0.00000000,0,0.00000000,7949,7981,80,0.00054137
1684473792.07867670,0.02929011,1407,0.00061770,0.00000000,0,0.00000000,7981,7980,84,0.00053264
1684473792.17858911,0.02028292,1397,0.00058123,0.00000000,0,0.00000000,7980,8000,73,0.00047531
1684473792.27736378,0.02540717,1453,0.00108396,0.00000000,0,0.00000000,8000,7901,83,0.00063171
1684473792.37881565,0.02132894,1420,0.00048753,0.00000000,0,0.00000000,7901,7940,70,0.00039406
1684473792.47779298,0.02254079,1401,0.00037269,0.00000000,0,0.00000000,7940,8000,69,0.00054738
1684473792.57762623,0.02278484,1424,0.00060238,0.00000000,0,0.00000000,8000,8012,79,0.00039146
1684473792.67852569,0.02233480,1423,0.00043887,0.00000000,0,0.00000000,8012,8050,62,0.00054476
1684473792.77842069,0.01885929,1385,0.00048251,0.00000000,0,0.00000000,8050,8043,64,0.00049585
1684473792.87915254,0.02150293,1426,0.00047896,0.00000000,0,0.00000000,8043,8053,55,0.00039287
1684473792.97838283,0.02388683,1425,0.00062109,0.00000000,0,0.00000000,8053,8078,64,0.00047589
1684473793.07847428,0.02364665,1411,0.00047611,0.00000000,0,0.00000000,8078,8096,76,0.00042953
1684473793.17838883,0.01994811,1410,0.00038068,0.00000000,0,0.00000000,8096,8135,62,0.00039866
1684473793.27834129,0.01893300,1415,0.00103882,0.00000000,0,0.00000000,8135,8062,56,0.00053500
1684473793.37840533,0.02495751,1436,0.00092915,0.00000000,0,0.00000000,8062,8062,64,0.00039485
1684473793.47822309,0.01745512,1404,0.00029114,0.00000000,0,0.00000000,8062,8089,50,0.00038046
1684473793.57839155,0.02292950,1402,0.00048593,0.00000000,0,0.00000000,8089,8112,67,0.00053001
1684473793.67826319,0.02261715,1425,0.00037160,0.00000000,0,0.00000000,8112,8151,62,0.00052269
1684473793.77835894,0.02236471,1384,0.00037985,0.00000000,0,0.00000000,8151,8183,61,0.00043993
1684473793.87830377,0.02138124,1414,0.00030880,0.00000000,0,0.00000000,8183,8226,51,0.00043945
1684473793.97817016,0.02053481,1431,0.00031833,0.00000000,0,0.00000000,8226,8260,53,0.00051245
1684473794.07825732,0.02477414,1395,0.00069761,0.00000000,0,0.00000000,8260,8259,77,0.00052752
1684473794.17817545,0.02177388,1397,0.00049767,0.00000000,0,0.00000000,8259,8240,55,0.00055426
1684473794.27806163,0.02314853,1426,0.00058817,0.00000000,0,0.00000000,8240,8278,65,0.00051645
1684473794.37814641,0.02610257,1390,0.00037784,0.00000000,0,0.00000000,8278,8261,46,0.00044063
1684473794.47800636,0.02215373,1398,0.00033660,0.00000000,0,0.00000000,8261,8290,51,0.00052346
1684473794.57802343,0.02085452,1409,0.00036101,0.00000000,0,0.00000000,8290,8329,62,0.00045061
1684473794.67805290,0.02290384,1402,0.00048436,0.00000000,0,0.00000000,8329,8331,55,0.00051949
1684473794.77798724,0.02267703,1421,0.00036856,0.00000000,0,0.00000000,8331,8350,58,0.00054873
1684473794.87787485,0.02151371,1440,0.00047253,0.00000000,0,0.00000000,8350,8361,70,0.00057314
1684473794.97795773,0.02229218,1403,0.00041539,0.00000000,0,0.00000000,8361,8380,56,0.00057752
1684473795.07786846,0.01966595,1416,0.00053168,0.00000000,0,0.00000000,8380,8392,69,0.00053472
1684473795.18186903,0.02369188,1411,0.00051856,0.00000000,0,0.00000000,8392,8361,51,0.00040963
1684473795.27783990,0.02178834,1386,0.00032953,0.00000000,0,0.00000000,8361,8387,50,0.00053788
1684473795.37777233,0.02193226,1432,0.00049332,0.00000000,0,0.00000000,8387,8445,75,0.00051635
1684473795.47786260,0.02214340,1422,0.00044146,0.00000000,0,0.00000000,8445,8486,54,0.00042560
1684473795.57774901,0.02377800,1393,0.00032102,0.00000000,0,0.00000000,8486,8533,58,0.00047659
1684473795.67765856,0.01976998,1435,0.00039501,0.00000000,0,0.00000000,8533,8586,69,0.00052835
1684473795.77754498,0.02167461,1422,0.00051971,0.00000000,0,0.00000000,8586,8530,52,0.00057230
1684473795.87764406,0.02229944,1414,0.00035426,0.00000000,0,0.00000000,8530,8566,52,0.00054988
1684473795.97757983,0.02054824,1455,0.00049230,0.00000000,0,0.00000000,8566,8547,62,0.00039677
1684473796.07766795,0.02242260,1415,0.00028586,0.00000000,0,0.00000000,8547,8577,46,0.00039287
1684473796.17754292,0.01736333,1422,0.00028289,0.00000000,0,0.00000000,8577,8591,44,0.00053040
1684473796.27748108,0.02225792,1466,0.00030144,0.00000000,0,0.00000000,8591,8607,41,0.00055564
1684473796.37756872,0.02118890,1406,0.00042985,0.00000000,0,0.00000000,8607,8597,45,0.00057403
1684473796.47814655,0.02288262,1414,0.00047797,0.00000000,0,0.00000000,8597,8620,65,0.00051914
1684473796.57760215,0.01971480,1433,0.00041005,0.00000000,0,0.00000000,8620,8646,63,0.00056799
1684473796.67805552,0.02014343,1410,0.00036226,0.00000000,0,0.00000000,8646,8678,54,0.00060388
1684473796.77803278,0.01957225,1417,0.00034805,0.00000000,0,0.00000000,8678,8697,49,0.00054786
1684473796.87795973,0.02045079,1441,0.00054646,0.00000000,0,0.00000000,8697,8667,51,0.00053699
1684473796.97795653,0.02189966,1412,0.00033439,0.00000000,0,0.00000000,8667,8696,52,0.00042576
1684473797.07806373,0.02371516,1421,0.00053852,0.00000000,0,0.00000000,8696,8679,67,0.00048088
1684473797.17800140,0.02356430,1416,0.00033906,0.00000000,0,0.00000000,8679,8685,46,0.00044278
1684473797.27880478,0.02427320,1407,0.00046363,0.00000000,0,0.00000000,8685,8710,61,0.00057630
1684473797.37800550,0.02296624,1446,0.00040810,0.00000000,0,0.00000000,8710,8707,52,0.00061946
1684473797.47885323,0.02394412,1416,0.00020794,0.00000000,0,0.00000000,8707,8736,36,0.00060199
1684473797.57873821,0.02341769,1406,0.00033212,0.00000000,0,0.00000000,8736,8785,57,0.00054361
1684473797.67786980,0.02310997,1422,0.00037013,0.00000000,0,0.00000000,8785,8834,59,0.00054015
1684473797.77875328,0.02196744,1413,0.00030982,0.00000000,0,0.00000000,8834,8817,35,0.00056111
1684473797.87865520,0.01988460,1417,0.00044869,0.00000000,0,0.00000000,8817,8807,54,0.00052669
1684473797.97779083,0.01987311,1441,0.00043417,0.00000000,0,0.00000000,8807,8847,63,0.00054994
1684473798.07859921,0.02454006,1410,0.00311811,0.00000000,0,0.00000000,8847,8835,49,0.00053456
1684473798.17781425,0.02425979,1419,0.00052163,0.00000000,0,0.00000000,8835,8850,58,0.00054127
1684473798.27768683,0.02131312,1429,0.00026904,0.00000000,0,0.00000000,8850,8862,32,0.00049342
1684473798.37854767,0.02619657,1392,0.00049546,0.00000000,0,0.00000000,8862,8865,57,0.00038209
1684473798.47773409,0.02043096,1409,0.00029050,0.00000000,0,0.00000000,8865,8909,50,0.00053030
1684473798.57759738,0.02154527,1434,0.00028116,0.00000000,0,0.00000000,8909,8919,39,0.00054949
1684473798.67842937,0.02123970,1385,0.00018871,0.00000000,0,0.00000000,8919,8935,22,0.00044006
1684473798.77834058,0.02091071,1404,0.00046389,0.00000000,0,0.00000000,8935,8924,44,0.00052499
1684473798.87840581,0.02101481,1422,0.00021334,0.00000000,0,0.00000000,8924,8952,37,0.00041494
1684473798.97836709,0.02454309,1402,0.00029543,0.00000000,0,0.00000000,8952,8967,39,0.00048430
1684473799.07840037,0.02228299,1407,0.00028951,0.00000000,0,0.00000000,8967,8989,42,0.00039309
1684473799.17829061,0.02226485,1431,0.00048827,0.00000000,0,0.00000000,8989,8953,45,0.00037592
1684473799.27824974,0.02315357,1413,0.00048014,0.00000000,0,0.00000000,8953,8959,51,0.00055730
1684473799.37838578,0.02235938,1412,0.00034866,0.00000000,0,0.00000000,8959,8972,46,0.00050880
1684473799.47841287,0.01911229,1407,0.00035544,0.00000000,0,0.00000000,8972,8998,53,0.00038305
1684473799.57833576,0.02211767,1418,0.00030749,0.00000000,0,0.00000000,8998,9026,48,0.00056642
1684473799.67819643,0.02368029,1418,0.00037467,0.00000000,0,0.00000000,9026,9009,29,0.00055397
1684473799.77826142,0.02313105,1394,0.00047445,0.00000000,0,0.00000000,9009,9007,55,0.00052576
1684473799.87820554,0.02071093,1411,0.00029565,0.00000000,0,0.00000000,9007,9044,48,0.00045842
1684473799.97811508,0.02519527,1428,0.00030308,0.00000000,0,0.00000000,9044,9062,44,0.00053212
1684473800.07818961,0.02131433,1395,0.00027624,0.00000000,0,0.00000000,9062,9091,46,0.00045257
1684473800.17812681,0.01898944,1428,0.00021837,0.00000000,0,0.00000000,9091,9091,31,0.00055829
1684473800.28097749,0.02136653,1425,0.00036475,0.00000000,0,0.00000000,9091,9098,48,0.00044674
1684473800.37808037,0.02217070,1398,0.00033593,0.00000000,0,0.00000000,9098,9120,41,0.00055004
1684473800.47799563,0.02147709,1423,0.00033017,0.00000000,0,0.00000000,9120,9138,43,0.00052598
1684473800.57790852,0.02267998,1405,0.00025451,0.00000000,0,0.00000000,9138,9135,34,0.00042944
1684473800.67802501,0.01863250,1426,0.00032307,0.00000000,0,0.00000000,9135,9116,43,0.00053471
1684473800.77789307,0.01954422,1420,0.00029185,0.00000000,0,0.00000000,9116,9154,46,0.00055631
1684473800.87781835,0.02329436,1429,0.00033033,0.00000000,0,0.00000000,9154,9182,48,0.00049978
1684473800.97808838,0.02262349,1421,0.00031629,0.00000000,0,0.00000000,9182,9174,35,0.00052713
1684473801.07783675,0.02289560,1443,0.00034281,0.00000000,0,0.00000000,9174,9187,53,0.00038823
1684473801.17787695,0.01901596,1401,0.00029508,0.00000000,0,0.00000000,9187,9209,42,0.00042928
1684473801.27776051,0.02287941,1421,0.00031785,0.00000000,0,0.00000000,9209,9236,44,0.00052758
1684473801.37771010,0.02251594,1398,0.00041459,0.00000000,0,0.00000000,9236,9239,44,0.00057544
1684473801.47779202,0.02368895,1403,0.00052998,0.00000000,0,0.00000000,9239,9203,43,0.00054575
1684473801.57768130,0.02160867,1417,0.00029312,0.00000000,0,0.00000000,9203,9202,39,0.00051952
1684473801.67762232,0.02038738,1413,0.00020295,0.00000000,0,0.00000000,9202,9202,25,0.00052563
1684473801.77768183,0.02090191,1388,0.00018964,0.00000000,0,0.00000000,9202,9232,32,0.00052755
1684473801.87755013,0.02264348,1418,0.00024466,0.00000000,0,0.00000000,9232,9231,34,0.00041222
1684473801.97769189,0.01922684,1384,0.00051885,0.00000000,0,0.00000000,9231,9207,51,0.00052659
1684473802.07760549,0.01992157,1413,0.00029549,0.00000000,0,0.00000000,9207,9172,27,0.00041578
1684473802.17810893,0.01997077,1421,0.00032374,0.00000000,0,0.00000000,9172,9172,43,0.00056091
1684473802.27761769,0.02039083,1383,0.00021817,0.00000000,0,0.00000000,9172,9187,30,0.00053910
1684473802.37749100,0.02034141,1409,0.00026689,0.00000000,0,0.00000000,9187,9193,33,0.00041242
1684473802.47805738,0.02372350,1412,0.00033567,0.00000000,0,0.00000000,9193,9202,35,0.00043683
1684473802.57750082,0.02088428,1422,0.00023778,0.00000000,0,0.00000000,9202,9226,41,0.00045001
1684473802.67801094,0.02193324,1444,0.00027531,0.00000000,0,0.00000000,9226,9253,28,0.00045970
1684473802.77819586,0.01780846,1410,0.00039284,0.00000000,0,0.00000000,9253,9199,40,0.00039725
1684473802.87803626,0.02168128,1417,0.00040388,0.00000000,0,0.00000000,9199,9173,37,0.00053289
1684473802.97809052,0.02017262,1414,0.00035180,0.00000000,0,0.00000000,9173,9192,39,0.00047982
1684473803.07802701,0.01850216,1411,0.00023596,0.00000000,0,0.00000000,9192,9218,40,0.00056274
1684473803.17789030,0.02306984,1427,0.00025893,0.00000000,0,0.00000000,9218,9241,39,0.00039322
1684473803.27809453,0.02410024,1456,0.00043471,0.00000000,0,0.00000000,9241,9269,46,0.00037720
1684473803.37795043,0.01987547,1409,0.00025822,0.00000000,0,0.00000000,9269,9292,38,0.00059329
1684473803.47887397,0.02185969,1418,0.00023426,0.00000000,0,0.00000000,9292,9306,35,0.00041232
1684473803.57794571,0.02312829,1435,0.00030116,0.00000000,0,0.00000000,9306,9324,31,0.00055135
1684473803.67783165,0.02137273,1403,0.00026901,0.00000000,0,0.00000000,9324,9352,37,0.00049271
1684473803.77876520,0.02552028,1434,0.00042416,0.00000000,0,0.00000000,9352,9335,42,0.00038334
1684473803.87782598,0.02340187,1420,0.00025634,0.00000000,0,0.00000000,9335,9347,33,0.00074556
1684473803.97776246,0.02117878,1395,0.00038110,0.00000000,0,0.00000000,9347,9344,41,0.00055535
1684473804.07867622,0.02362429,1420,0.00023311,0.00000000,0,0.00000000,9344,9359,33,0.00053942
1684473804.17772412,0.02109682,1458,0.00027278,0.00000000,0,0.00000000,9359,9350,28,0.00059751
1684473804.27764487,0.02140312,1407,0.00029031,0.00000000,0,0.00000000,9350,9354,33,0.00055426
1684473804.37860751,0.02164551,1428,0.00019482,0.00000000,0,0.00000000,9354,9368,30,0.00043711
1684473804.47765207,0.02148431,1408,0.00026744,0.00000000,0,0.00000000,9368,9344,29,0.00052835
1684473804.57756090,0.02109998,1397,0.00019562,0.00000000,0,0.00000000,9344,9377,36,0.00055218
1684473804.67844844,0.02029431,1422,0.00024012,0.00000000,0,0.00000000,9377,9402,34,0.00043689
1684473804.78025460,0.02248314,1431,0.00019917,0.00000000,0,0.00000000,9402,9420,34,0.00055858
1684473804.87849140,0.02267697,1411,0.00027064,0.00000000,0,0.00000000,9420,9438,37,0.00052557
1684473804.97861481,0.01860005,1416,0.00024463,0.00000000,0,0.00000000,9438,9448,29,0.00039466
1684473805.07841778,0.01994108,1417,0.00023992,0.00000000,0,0.00000000,9448,9453,31,0.00049745
1684473805.17834949,0.01911387,1409,0.00042428,0.00000000,0,0.00000000,9453,9414,42,0.00056287
1684473805.27859020,0.02182008,1428,0.00028817,0.00000000,0,0.00000000,9414,9380,28,0.00052675
1684473805.37735868,0.02897947,1427,0.00027889,0.00000000,0,0.00000000,9380,9378,37,0.00038836
1684473805.47848248,0.02451998,1409,0.00034732,0.00000000,0,0.00000000,9378,9371,31,0.00039485
1684473805.57841873,0.02147174,1390,0.00055004,0.00000000,0,0.00000000,9371,9356,35,0.00049905
1684473805.68435717,0.02246526,1438,0.00033385,0.00000000,0,0.00000000,9356,9391,46,0.00060730
1684473805.77837038,0.01989968,1409,0.00029482,0.00000000,0,0.00000000,9391,9405,38,0.00054166
1684473805.87824845,0.02354787,1441,0.00021174,0.00000000,0,0.00000000,9405,9434,34,0.00053836
1684473805.97836280,0.01792352,1377,0.00025307,0.00000000,0,0.00000000,9434,9450,32,0.00037361
1684473806.07824111,0.02176003,1412,0.00023199,0.00000000,0,0.00000000,9450,9482,40,0.00048849
1684473806.17816401,0.02154240,1430,0.00017754,0.00000000,0,0.00000000,9482,9495,27,0.00042886
1684473806.27821231,0.02315435,1386,0.00024197,0.00000000,0,0.00000000,9495,9508,30,0.00051255
1684473806.37811542,0.02285982,1407,0.00033980,0.00000000,0,0.00000000,9508,9488,34,0.00038698
1684473806.47802782,0.02284184,1426,0.00125379,0.00000000,0,0.00000000,9488,9181,33,0.00039601
1684473806.57815218,0.01894647,1402,0.00018769,0.00000000,0,0.00000000,9181,9178,26,0.00053443
1684473806.67800474,0.02210421,1412,0.00126012,0.00000000,0,0.00000000,9178,8972,33,0.00037617
1684473806.77799273,0.02256679,1429,0.00028132,0.00000000,0,0.00000000,8972,8973,31,0.00053427
1684473806.87802792,0.02385596,1415,0.00022614,0.00000000,0,0.00000000,8973,9008,35,0.00056018
1684473806.97795463,0.01821968,1410,0.00027479,0.00000000,0,0.00000000,9008,9004,35,0.00053935
1684473807.07807159,0.01983909,1423,0.00031731,0.00000000,0,0.00000000,9004,9015,29,0.00043804
1684473807.17800856,0.01873888,1406,0.00063916,0.00000000,0,0.00000000,9015,9009,22,0.00045375
1684473807.27781487,0.02270428,1409,0.00026133,0.00000000,0,0.00000000,9009,9023,33,0.00063181
1684473807.37780094,0.02193326,1428,0.00023855,0.00000000,0,0.00000000,9023,9048,34,0.00038145
1684473807.47780895,0.01976497,1367,0.00028209,0.00000000,0,0.00000000,9048,9038,34,0.00039357
1684473807.57813406,0.01801447,1465,0.00019172,0.00000000,0,0.00000000,9038,9044,27,0.00047784
1684473807.67773771,0.02139025,1404,0.00024847,0.00000000,0,0.00000000,9044,9049,35,0.00052278
1684473807.77774191,0.02235124,1422,0.00030071,0.00000000,0,0.00000000,9049,9058,27,0.00054914
1684473807.87774420,0.02298525,1413,0.00037848,0.00000000,0,0.00000000,9058,9092,37,0.00044604
1684473807.97758174,0.01941806,1405,0.00039988,0.00000000,0,0.00000000,9092,9089,35,0.00038407
1684473808.07762074,0.02414182,1412,0.00014159,0.00000000,0,0.00000000,9089,9111,22,0.00052976
1684473808.17754364,0.02422400,1434,0.00042515,0.00000000,0,0.00000000,9111,9097,33,0.00049035
1684473808.27765512,0.02201873,1430,0.00015253,0.00000000,0,0.00000000,9097,9115,24,0.00083984
1684473808.37760997,0.02284491,1434,0.00031546,0.00000000,0,0.00000000,9115,9146,38,0.00040077
1684473808.47759295,0.02385903,1401,0.00021459,0.00000000,0,0.00000000,9146,9162,32,0.00052848
1684473808.57759595,0.02162800,1426,0.00031069,0.00000000,0,0.00000000,9162,9188,38,0.00038846
1684473808.67762017,0.02407131,1405,0.00043158,0.00000000,0,0.00000000,9188,9201,46,0.00054738
1684473808.77754784,0.01691074,1395,0.00015637,0.00000000,0,0.00000000,9201,9216,22,0.00045167
1684473808.87786555,0.01708467,1424,0.00020608,0.00000000,0,0.00000000,9216,9224,29,0.00053487
1684473808.97757602,0.01932718,1406,0.00015762,0.00000000,0,0.00000000,9224,9242,18,0.00041126
1684473809.07788420,0.02189214,1409,0.00016875,0.00000000,0,0.00000000,9242,9253,24,0.00066143
1684473809.17759609,0.01945559,1409,0.00020240,0.00000000,0,0.00000000,9253,9281,32,0.00038903
1684473809.27789354,0.01856527,1409,0.00021545,0.00000000,0,0.00000000,9281,9291,27,0.00039514
1684473809.37795067,0.01971522,1417,0.00022131,0.00000000,0,0.00000000,9291,9295,23,0.00052416
1684473809.47873330,0.02330624,1421,0.00028574,0.00000000,0,0.00000000,9295,9299,28,0.00054991
1684473809.57774639,0.02091878,1390,0.00021929,0.00000000,0,0.00000000,9299,9301,27,0.00037985
1684473809.67869663,0.01769648,1382,0.00023186,0.00000000,0,0.00000000,9301,9301,32,0.00065513
1684473809.77952647,0.01991877,1457,0.00032236,0.00000000,0,0.00000000,9301,9295,34,0.00047742
1684473809.87874436,0.02299798,1397,0.00026536,0.00000000,0,0.00000000,9295,9306,28,0.00059099
1684473809.97864318,0.01938156,1416,0.00024101,0.00000000,0,0.00000000,9306,9323,30,0.00063689
1684473810.07874560,0.01927225,1427,0.00017223,0.00000000,0,0.00000000,9323,9347,28,0.00045394
1684473810.17867804,0.01847243,1389,0.00019632,0.00000000,0,0.00000000,9347,9366,20,0.00038545
1684473810.27855921,0.02596189,1417,0.00015858,0.00000000,0,0.00000000,9366,9380,18,0.00055999
1684473810.37867141,0.01892679,1403,0.00016888,0.00000000,0,0.00000000,9380,9402,24,0.00039847
1684473810.47860146,0.01685748,1414,0.00022652,0.00000000,0,0.00000000,9402,9408,26,0.00044357
1684473810.57848167,0.02339814,1430,0.00021808,0.00000000,0,0.00000000,9408,9406,27,0.00045292
1684473810.67854309,0.01981567,1434,0.00016561,0.00000000,0,0.00000000,9406,9421,25,0.00054057
1684473810.77846622,0.01936774,1413,0.00024594,0.00000000,0,0.00000000,9421,9422,30,0.00038730
1684473810.87854958,0.02353391,1440,0.00028481,0.00000000,0,0.00000000,9422,9437,31,0.00037864
1684473810.97847962,0.01924026,1400,0.00026641,0.00000000,0,0.00000000,9437,9456,37,0.00054031
1684473811.07840610,0.01808557,1425,0.00019472,0.00000000,0,0.00000000,9456,9488,36,0.00046555
1684473811.17845464,0.02014228,1435,0.00027288,0.00000000,0,0.00000000,9488,9514,31,0.00052809
1684473811.27836561,0.01873421,1392,0.00015221,0.00000000,0,0.00000000,9514,9525,21,0.00046283
1684473811.37842679,0.01965754,1426,0.00034927,0.00000000,0,0.00000000,9525,9512,31,0.00039610
1684473811.47832727,0.02388804,1447,0.00023295,0.00000000,0,0.00000000,9512,9529,30,0.00049079
1684473811.57835746,0.02141408,1416,0.00027825,0.00000000,0,0.00000000,9529,9513,34,0.00050129
1684473811.67941308,0.02069027,1426,0.00019140,0.00000000,0,0.00000000,9513,9517,15,0.00046850
1684473811.77828383,0.01890522,1431,0.00025106,0.00000000,0,0.00000000,9517,9536,29,0.00040116
1684473811.87824106,0.02295386,1399,0.00025749,0.00000000,0,0.00000000,9536,9513,26,0.00052525
1684473811.97823381,0.02037008,1411,0.00039735,0.00000000,0,0.00000000,9513,9490,33,0.00060340
1684473812.07812166,0.02014554,1435,0.00023430,0.00000000,0,0.00000000,9490,9466,24,0.00047457
1684473812.17808008,0.01803177,1356,0.00025576,0.00000000,0,0.00000000,9466,9466,32,0.00053273
1684473812.27807736,0.02621231,1470,0.00036040,0.00000000,0,0.00000000,9466,9462,29,0.00049853
1684473812.37803912,0.01942756,1419,0.00019408,0.00000000,0,0.00000000,9462,9481,32,0.00053737
1684473812.47812247,0.02083691,1414,0.00016891,0.00000000,0,0.00000000,9481,9499,24,0.00056108
1684473812.57804656,0.02209556,1424,0.00034655,0.00000000,0,0.00000000,9499,9508,34,0.00039469
1684473812.67790914,0.01816680,1411,0.00019946,0.00000000,0,0.00000000,9508,9527,27,0.00149378
1684473812.77805495,0.02634004,1419,0.00029597,0.00000000,0,0.00000000,9527,9544,31,0.00051382
1684473812.87791491,0.01946563,1423,0.00040970,0.00000000,0,0.00000000,9544,9563,39,0.00044364
1684473812.97786665,0.03531995,1429,0.00036296,0.00000000,0,0.00000000,9563,9569,27,0.00037937
1684473813.07783055,0.01786781,1391,0.00024178,0.00000000,0,0.00000000,9569,9552,29,0.00074966
1684473813.17783737,0.02124114,1421,0.00031795,0.00000000,0,0.00000000,9552,9552,31,0.00063350
1684473813.27772093,0.02686695,1423,0.00184279,0.00000000,0,0.00000000,9552,9572,32,0.00040042
1684473813.37766290,0.01926901,1409,0.00019306,0.00000000,0,0.00000000,9572,9584,24,0.00055241
1684473813.47772837,0.01973431,1410,0.00018362,0.00000000,0,0.00000000,9584,9602,27,0.00038276
1684473813.57775211,0.02311406,1409,0.00037736,0.00000000,0,0.00000000,9602,9585,26,0.00044095
1684473813.67750883,0.02012574,1398,0.00036568,0.00000000,0,0.00000000,9585,9576,34,0.00037931
1684473813.77761126,0.02334660,1408,0.00023932,0.00000000,0,0.00000000,9576,9602,32,0.00039434
1684473813.87751746,0.01857400,1402,0.00020893,0.00000000,0,0.00000000,9602,9628,29,0.00039744
1684473813.97746563,0.02340661,1419,0.00031513,0.00000000,0,0.00000000,9628,9638,26,0.00044447
1684473814.07751179,0.02139738,1422,0.00030819,0.00000000,0,0.00000000,9638,9628,31,0.00039018
1684473814.17766523,0.02098618,1406,0.00027486,0.00000000,0,0.00000000,9628,9631,29,0.00037851
1684473814.27751780,0.02154914,1428,0.00046219,0.00000000,0,0.00000000,9631,9662,53,0.00046197
1684473814.37762904,0.02373928,1407,0.00046501,0.00000000,0,0.00000000,9662,9659,48,0.00038055
1684473814.47749162,0.02146724,1413,0.00046127,0.00000000,0,0.00000000,9659,9660,49,0.00057781
1684473814.57766938,0.02375908,1412,0.00049949,0.00000000,0,0.00000000,9660,9700,58,0.00050378
1684473814.67806435,0.01873539,1427,0.00027374,0.00000000,0,0.00000000,9700,9737,46,0.00038673
1684473814.77797008,0.02281399,1451,0.00039850,0.00000000,0,0.00000000,9737,9775,56,0.00089937
1684473814.87785292,0.02345930,1445,0.00040554,0.00000000,0,0.00000000,9775,9791,48,0.00043791
1684473814.97790813,0.02340149,1406,0.00037176,0.00000000,0,0.00000000,9791,9789,46,0.00049217
1684473815.07787871,0.02102386,1427,0.00039754,0.00000000,0,0.00000000,9789,9826,60,0.00037767
1684473815.17879534,0.02152150,1434,0.00057390,0.00000000,0,0.00000000,9826,9814,72,0.00055596
1684473815.27883124,0.02205708,1425,0.00067304,0.00000000,0,0.00000000,9814,9842,64,0.00049943
1684473815.37875724,0.02024167,1454,0.00064163,0.00000000,0,0.00000000,9842,9847,87,0.00051312
1684473815.47785282,0.01858007,1421,0.00045404,0.00000000,0,0.00000000,9847,9868,61,0.00040704
1684473815.57872605,0.02212282,1440,0.00144266,0.00000000,0,0.00000000,9868,9718,74,0.00060010
1684473815.67873406,0.02415419,1458,0.00052176,0.00000000,0,0.00000000,9718,9753,69,0.00044978
1684473815.77880597,0.02884547,1462,0.00068987,0.00000000,0,0.00000000,9753,9790,83,0.00044114
1684473815.87863731,0.02375517,1483,0.00060359,0.00000000,0,0.00000000,9790,9821,72,0.00038529
1684473815.97884822,0.03061426,1461,0.00063548,0.00000000,0,0.00000000,9821,9818,75,0.00040301
1684473816.07769394,0.01982215,1466,0.00054639,0.00000000,0,0.00000000,9818,9841,71,0.00058667
1684473816.17853284,0.01907521,1473,0.00059220,0.00000000,0,0.00000000,9841,9853,81,0.00049802
1684473816.27845669,0.02138128,1211,0.00067090,0.00000000,0,0.00000000,9853,9863,63,0.00052630
1684473816.37886095,0.02507678,1726,0.00060282,0.00000000,0,0.00000000,9863,9925,84,0.00047112
1684473816.47845149,0.02283392,1473,0.00057144,0.00000000,0,0.00000000,9925,9975,75,0.00055276
1684473816.57836151,0.02247688,1467,0.00065049,0.00000000,0,0.00000000,9975,9980,71,0.00039002
1684473816.67859602,0.01899633,1454,0.00052377,0.00000000,0,0.00000000,9980,9971,69,0.00046670
1684473816.77833509,0.02431129,1483,0.00069687,0.00000000,0,0.00000000,9971,10017,89,0.00089077
1684473816.87843752,0.01931555,1458,0.00079905,0.00000000,0,0.00000000,10017,10074,106,0.00044700
1684473816.97836590,0.02006022,1460,0.00076469,0.00000000,0,0.00000000,10074,10111,101,0.00048132
1684473817.07839990,0.01864763,1397,0.00064252,0.00000000,0,0.00000000,10111,10119,87,0.00079198
1684473817.17450428,0.02063297,1540,0.00089345,0.00000000,0,0.00000000,10119,10122,102,0.00048267
1684473817.27844024,0.02393092,1481,0.00073843,0.00000000,0,0.00000000,10122,10158,91,0.00040320
1684473817.37837696,0.02219565,1485,0.00066018,0.00000000,0,0.00000000,10158,10168,86,0.00042512
1684473817.47823524,0.02045187,1469,0.00053020,0.00000000,0,0.00000000,10168,10195,73,0.00053452
1684473817.57814550,0.02365824,1458,0.00067544,0.00000000,0,0.00000000,10195,10237,64,0.00042272
1684473817.67824244,0.01998114,1468,0.00044812,0.00000000,0,0.00000000,10237,10246,61,0.00050727
1684473817.77817559,0.02097133,1456,0.00079319,0.00000000,0,0.00000000,10246,10247,72,0.00053494
1684473817.87825918,0.02198829,1473,0.00056526,0.00000000,0,0.00000000,10247,10269,71,0.00038116
1684473817.97814989,0.02166334,1455,0.00048238,0.00000000,0,0.00000000,10269,10310,60,0.00039799
1684473818.07802391,0.02122552,1467,0.00061395,0.00000000,0,0.00000000,10310,10337,67,0.00044904
1684473818.18253160,0.02139056,1479,0.00037400,0.00000000,0,0.00000000,10337,10356,44,0.00040522
1684473818.27810740,0.02562681,1483,0.00047563,0.00000000,0,0.00000000,10356,10383,55,0.00039121
1684473818.37795210,0.02064720,1490,0.00081431,0.00000000,0,0.00000000,10383,10355,63,0.00049524
1684473818.47800350,0.01955020,1478,0.00064540,0.00000000,0,0.00000000,10355,10344,63,0.00038446
1684473818.57950091,0.02088703,1468,0.00057537,0.00000000,0,0.00000000,10344,10380,68,0.00039431
1684473818.67784619,0.02348876,1473,0.00044729,0.00000000,0,0.00000000,10380,10403,54,0.00067000
1684473818.77777576,0.01952563,1469,0.00031920,0.00000000,0,0.00000000,10403,10427,47,0.00038970
1684473818.87791419,0.02091058,1430,0.00042048,0.00000000,0,0.00000000,10427,10453,58,0.00039626
1684473818.98430490,0.01939111,1475,0.00048471,0.00000000,0,0.00000000,10453,10451,57,0.00037947
1684473819.07732558,0.02296188,1526,0.00048273,0.00000000,0,0.00000000,10451,10474,59,0.00055957
1684473819.17782760,0.02080136,1490,0.00034924,0.00000000,0,0.00000000,10474,10503,54,0.00038395
1684473819.27760983,0.02947017,1475,0.00100346,0.00000000,0,0.00000000,10503,10418,56,0.00037237
1684473819.37756085,0.01911200,1483,0.00055644,0.00000000,0,0.00000000,10418,10425,61,0.00037569
1684473819.47759724,0.02411870,1489,0.00111834,0.00000000,0,0.00000000,10425,10478,197,0.00052528
1684473819.57802463,0.02301191,1491,0.00204845,0.00000000,0,0.00000000,10478,10593,310,0.00046107
1684473819.67762709,0.01899143,1519,0.00185693,0.00000000,0,0.00000000,10593,10738,286,0.00038292
1684473819.77761507,0.02048972,1501,0.00203428,0.00000000,0,0.00000000,10738,10876,284,0.00037556
1684473819.87761259,0.02054243,1530,0.00189583,0.00000000,0,0.00000000,10876,11011,270,0.00039984
1684473819.97754264,0.01894319,1563,0.00163668,0.00000000,0,0.00000000,11011,11075,215,0.00046782
1684473820.07766795,0.01976933,1529,0.00221170,0.00000000,0,0.00000000,11075,11100,241,0.00044959
1684473820.17751217,0.01954549,1545,0.00147900,0.00000000,0,0.00000000,11100,11227,217,0.00046824
1684473820.27804279,0.02423460,1520,0.00214877,0.00000000,0,0.00000000,11227,11367,234,0.00048958
1684473820.37777138,0.01872306,1539,0.00144266,0.00000000,0,0.00000000,11367,11483,226,0.00044713
1684473820.47800803,0.02106189,1482,0.00144595,0.00000000,0,0.00000000,11483,11560,204,0.00038369
1684473820.57758808,0.02171039,1517,0.00216333,0.00000000,0,0.00000000,11560,11565,228,0.00041034
1684473820.67809653,0.01902898,1485,0.00156054,0.00000000,0,0.00000000,11565,11749,237,0.00038766
1684473820.77792549,0.02401793,1527,0.00165773,0.00000000,0,0.00000000,11749,11863,197,0.00051638
1684473820.87802529,0.02136109,1503,0.00193841,0.00000000,0,0.00000000,11700,11796,206,0.00040771
1684473820.97797489,0.02121816,1469,0.00157964,0.00000000,0,0.00000000,11796,11897,214,0.00055922
1684473821.07746768,0.01992461,1520,0.00145065,0.00000000,0,0.00000000,11897,12021,182,0.00038449
1684473821.17789841,0.01836919,1496,0.00115855,0.00000000,0,0.00000000,12021,12148,178,0.00050512
1684473821.27886415,0.02231097,1520,0.00176284,0.00000000,0,0.00000000,12148,12180,161,0.00047361
1684473821.37791467,0.02326664,1511,0.00136882,0.00000000,0,0.00000000,12180,12241,171,0.00040973
1684473821.47781229,0.02174801,1515,0.00126815,0.00000000,0,0.00000000,12241,12358,187,0.00045090
1684473821.57873106,0.01968008,1452,0.00097141,0.00000000,0,0.00000000,12358,12445,159,0.00038846
1684473821.67859650,0.01979399,1483,0.00135164,0.00000000,0,0.00000000,12445,12490,162,0.00067915
1684473821.77869296,0.01873445,1477,0.00116988,0.00000000,0,0.00000000,12490,12559,170,0.00049332
1684473821.87862778,0.02007429,1489,0.00127564,0.00000000,0,0.00000000,12559,12654,152,0.00048759
1684473821.97847342,0.01916539,1467,0.00106773,0.00000000,0,0.00000000,12654,12729,159,0.00041705
1684473822.07761121,0.01831858,1490,0.00093366,0.00000000,0,0.00000000,12729,12804,153,0.00037751
1684473822.17848635,0.01899549,1487,0.00134246,0.00000000,0,0.00000000,12804,12922,187,0.00045950
1684473822.27837086,0.02236516,1501,0.00127026,0.00000000,0,0.00000000,12922,13008,170,0.00039108
1684473822.37849832,0.01846196,1460,0.00096722,0.00000000,0,0.00000000,13008,13124,167,0.00044223
1684473822.47839332,0.02135472,1458,0.00181547,0.00000000,0,0.00000000,13124,13182,202,0.00039060
1684473822.57847166,0.02228023,1459,0.00157801,0.00000000,0,0.00000000,13182,13217,189,0.00056319
1684473822.67835426,0.02072090,1362,0.00131777,0.00000000,0,0.00000000,13217,13321,187,0.00039277
1684473822.78326678,0.02578183,1578,0.00229465,0.00000000,0,0.00000000,13321,13367,229,0.00044249
1684473822.87839222,0.02665791,1490,0.00192500,0.00000000,0,0.00000000,13367,13409,230,0.00037646
1684473822.97848082,0.02419723,1474,0.00144007,0.00000000,0,0.00000000,13409,13530,213,0.00059233
1684473823.08090234,0.02422836,1482,0.00139000,0.00000000,0,0.00000000,13530,13662,216,0.00050794
1684473823.17826152,0.02168707,1506,0.00169861,0.00000000,0,0.00000000,13662,13717,176,0.00042598
1684473823.27836251,0.02064800,1397,0.00188396,0.00000000,0,0.00000000,13717,13679,160,0.00038475
1684473823.38327003,0.02531730,1584,0.00153056,0.00000000,0,0.00000000,13679,13786,190,0.00047237
1684473823.47822785,0.02219101,1451,0.00107048,0.00000000,0,0.00000000,13786,13879,150,0.00038961
1684473823.57887626,0.02172923,1469,0.00135315,0.00000000,0,0.00000000,13879,13966,160,0.00048497
1684473823.67815042,0.02046712,1447,0.00110369,0.00000000,0,0.00000000,13966,14062,160,0.00037137
1684473823.77812409,0.01934770,1441,0.00127058,0.00000000,0,0.00000000,14062,14154,159,0.00057995
1684473823.87980676,0.01960029,1473,0.00166291,0.00000000,0,0.00000000,14154,14245,147,0.00042991
1684473823.97805405,0.02041111,1462,0.00158728,0.00000000,0,0.00000000,14021,14068,148,0.00052790
1684473824.07799387,0.01926132,1498,0.00138741,0.00000000,0,0.00000000,14068,14096,130,0.00038366
1684473824.17807007,0.01758415,1445,0.00143408,0.00000000,0,0.00000000,14096,14193,139,0.00042924
1684473824.27798176,0.01712883,1458,0.00087285,0.00000000,0,0.00000000,14193,14250,114,0.00042649
1684473824.37788653,0.02020477,1499,0.00102013,0.00000000,0,0.00000000,14250,14295,116,0.00051178
1684473824.47794604,0.02225076,1490,0.00085193,0.00000000,0,0.00000000,14295,14396,130,0.00039060
1684473824.57787490,0.02077273,1521,0.00103693,0.00000000,0,0.00000000,14396,14397,94,0.00044722
1684473824.67775273,0.02340944,1497,0.00105468,0.00000000,0,0.00000000,14397,14436,106,0.00040727
1684473824.77794337,0.02236151,1505,0.00092448,0.00000000,0,0.00000000,14436,14517,117,0.00052656
1684473824.87779379,0.02000314,1505,0.00086581,0.00000000,0,0.00000000,14517,14572,118,0.00038945
1684473824.97783732,0.02171630,1502,0.00096188,0.00000000,0,0.00000000,14572,14634,114,0.00043135
1684473825.07784438,0.02033817,1506,0.00097231,0.00000000,0,0.00000000,14634,14721,143,0.00041229
1684473825.17765880,0.02301635,1510,0.00112682,0.00000000,0,0.00000000,14721,14806,154,0.00052678
1684473825.27756095,0.02360010,1517,0.00107976,0.00000000,0,0.00000000,14806,14905,151,0.00039732
1684473825.37766790,0.02191551,1461,0.00105167,0.00000000,0,0.00000000,14905,14987,137,0.00049108
1684473825.47756004,0.02565847,1486,0.00128181,0.00000000,0,0.00000000,14987,14993,120,0.00039297
1684473825.57765627,0.02198313,1505,0.00096933,0.00000000,0,0.00000000,14993,15079,147,0.00038215
1684473825.67758346,0.01965298,1498,0.00082739,0.00000000,0,0.00000000,15079,15182,142,0.00037691
1684473825.77769709,0.02148447,1494,0.00097925,0.00000000,0,0.00000000,15182,15240,129,0.00047176
1684473825.87754488,0.02513943,1507,0.00087493,0.00000000,0,0.00000000,15240,15336,137,0.00038526
1684473825.97766852,0.02391885,1511,0.00124393,0.00000000,0,0.00000000,15336,15429,148,0.00043113
1684473826.07754660,0.02012467,1511,0.00108203,0.00000000,0,0.00000000,15429,15545,158,0.00054294
1684473826.17980552,0.02369105,1495,0.00132346,0.00000000,0,0.00000000,15545,15631,176,0.00060276
1684473826.27757168,0.02675365,1522,0.00183706,0.00000000,0,0.00000000,15631,15674,175,0.00042799
1684473826.37802911,0.02234648,1512,0.00137394,0.00000000,0,0.00000000,15674,15761,164,0.00055903
1684473826.47803092,0.01950489,1533,0.00150804,0.00000000,0,0.00000000,15761,15837,175,0.00047816
1684473826.57808471,0.02233154,1524,0.00101840,0.00000000,0,0.00000000,15837,15907,143,0.00053152
1684473826.67798471,0.02130309,1519,0.00128683,0.00000000,0,0.00000000,15907,15949,156,0.00037694
1684473826.77804756,0.02048731,1505,0.00110030,0.00000000,0,0.00000000,15949,16010,128,0.00042150
1684473826.87820840,0.02008647,1521,0.00146828,0.00000000,0,0.00000000,16010,16056,164,0.00040112
1684473826.97884583,0.02180971,1519,0.00192328,0.00000000,0,0.00000000,16056,16026,135,0.00058545
1684473827.07797790,0.02178678,1523,0.00355534,0.00000000,0,0.00000000,16026,16074,165,0.00037841
1684473827.17887521,0.01896624,1526,0.00109879,0.00000000,0,0.00000000,15059,15119,138,0.00049850
1684473827.27873588,0.01938330,1544,0.00119301,0.00000000,0,0.00000000,15119,15199,139,0.00039514
1684473827.37788606,0.02189532,1545,0.00119336,0.00000000,0,0.00000000,15199,15271,141,0.00039773
1684473827.47779179,0.02257095,1556,0.00125814,0.00000000,0,0.00000000,15271,15341,145,0.00037947
1684473827.57868934,0.01978010,1548,0.00143540,0.00000000,0,0.00000000,15341,15402,135,0.00040336
1684473827.67776322,0.02318125,1547,0.00152180,0.00000000,0,0.00000000,15402,15477,188,0.00042531
1684473827.77866268,0.02194135,1490,0.00160680,0.00000000,0,0.00000000,15477,15530,168,0.00042515
1684473827.87853479,0.02224375,1476,0.00123782,0.00000000,0,0.00000000,15530,15605,155,0.00045717
1684473827.97766185,0.02560316,1480,0.00156697,0.00000000,0,0.00000000,15605,15682,165,0.00041011
1684473828.07853484,0.02300265,1479,0.00153843,0.00000000,0,0.00000000,15682,15761,180,0.00046338
1684473828.17841220,0.02404118,1492,0.00117052,0.00000000,0,0.00000000,15761,15855,156,0.00038308
1684473828.27757835,0.02494935,1505,0.00177282,0.00000000,0,0.00000000,15855,15860,137,0.00038737
1684473828.37845874,0.02277504,1486,0.00110871,0.00000000,0,0.00000000,15860,15900,145,0.00041606
1684473828.47846031,0.02691507,1500,0.00135001,0.00000000,0,0.00000000,15900,15958,127,0.00038023
1684473828.57844853,0.02132285,1498,0.00137912,0.00000000,0,0.00000000,15958,15986,151,0.00047083
1684473828.67834926,0.02191787,1511,0.00115635,0.00000000,0,0.00000000,15986,16079,154,0.00039060
1684473828.77842259,0.02343877,1506,0.00136847,0.00000000,0,0.00000000,16079,16144,153,0.00040426
1684473828.87830782,0.02375807,1513,0.00114412,0.00000000,0,0.00000000,16144,16220,134,0.00049892
1684473828.97821140,0.02120359,1516,0.00090906,0.00000000,0,0.00000000,16220,16293,127,0.00041958
1684473829.07831264,0.01987562,1511,0.00094719,0.00000000,0,0.00000000,16293,16354,124,0.00042233
1684473829.17851400,0.02322774,1484,0.00081511,0.00000000,0,0.00000000,16354,16442,107,0.00047896
1684473829.27832580,0.02159502,1415,0.00165014,0.00000000,0,0.00000000,16442,16401,91,0.00039693
1684473829.37834144,0.01973909,1569,0.00084889,0.00000000,0,0.00000000,16401,16441,103,0.00043762
1684473829.47841883,0.02110526,1409,0.00061677,0.00000000,0,0.00000000,16441,16487,71,0.00040755
1684473829.57958102,0.01936890,1574,0.00057518,0.00000000,0,0.00000000,16487,16537,83,0.00049277
1684473829.67811251,0.02397829,1485,0.00154240,0.00000000,0,0.00000000,16537,16496,89,0.00045650
1684473829.77978086,0.02250949,1466,0.00054892,0.00000000,0,0.00000000,16496,16528,72,0.00067621
1684473829.87853193,0.01893255,1465,0.00057291,0.00000000,0,0.00000000,16528,16562,75,0.00037157
1684473829.97800279,0.02131678,1479,0.00056930,0.00000000,0,0.00000000,16562,16611,68,0.00046235
1684473830.07808590,0.02151550,1498,0.00061715,0.00000000,0,0.00000000,16611,16681,88,0.00040707
1684473830.17799973,0.02357268,1463,0.00056795,0.00000000,0,0.00000000,16681,16728,72,0.00041338
1684473830.27795267,0.02204417,1530,0.00081632,0.00000000,0,0.00000000,16728,16773,73,0.00039517
1684473830.37799621,0.02183681,1511,0.00051798,0.00000000,0,0.00000000,16773,16817,73,0.00045915
1684473830.47792292,0.01969651,1507,0.00064876,0.00000000,0,0.00000000,16817,16847,75,0.00040858
1684473830.57780695,0.02443581,1506,0.00058347,0.00000000,0,0.00000000,16847,16876,60,0.00052320
1684473830.67789459,0.02008938,1496,0.00050426,0.00000000,0,0.00000000,16876,16896,56,0.00041949
1684473830.77783012,0.02202155,1493,0.00055084,0.00000000,0,0.00000000,16896,16923,65,0.00053209
1684473830.87769175,0.01999402,1515,0.00039214,0.00000000,0,0.00000000,16923,16971,58,0.00038817
1684473830.97778797,0.01984088,1477,0.00036907,0.00000000,0,0.00000000,16971,16993,42,0.00052294
1684473831.07773852,0.01964491,1492,0.00059514,0.00000000,0,0.00000000,16993,16998,68,0.00044684
1684473831.17763567,0.02616631,1489,0.00102208,0.00000000,0,0.00000000,16998,17035,61,0.00039757
1684473831.27767706,0.02147269,1488,0.00044386,0.00000000,0,0.00000000,17035,17076,54,0.00040407
1684473831.37761045,0.02034876,1483,0.00044831,0.00000000,0,0.00000000,17076,17137,69,0.00046053
1684473831.47751546,0.02144445,1476,0.00053075,0.00000000,0,0.00000000,17137,17148,50,0.00038523
1684473831.57757854,0.02006068,1491,0.00034309,0.00000000,0,0.00000000,17148,17182,49,0.00051869
1684473831.67766953,0.02193540,1477,0.00050621,0.00000000,0,0.00000000,17182,17218,52,0.00040807
1684473831.77760553,0.02873591,1475,0.00045266,0.00000000,0,0.00000000,17218,17253,54,0.00038350
1684473831.87817454,0.02165766,1423,0.00049060,0.00000000,0,0.00000000,17253,17277,63,0.00045218
1684473831.97908092,0.02236570,1505,0.00047761,0.00000000,0,0.00000000,17277,17309,53,0.00038890
1684473832.07750487,0.02027646,1473,0.00033379,0.00000000,0,0.00000000,17309,17341,48,0.00038273
1684473832.17803693,0.02252565,1463,0.00032969,0.00000000,0,0.00000000,17341,17374,43,0.00053062
1684473832.27812600,0.02061190,1469,0.00051168,0.00000000,0,0.00000000,17374,17400,48,0.00041082
1684473832.37806892,0.02494998,1481,0.00056002,0.00000000,0,0.00000000,17400,17384,51,0.00039917
1684473832.47795892,0.02339287,1470,0.00086325,0.00000000,0,0.00000000,17384,17417,53,0.00038113
1684473832.57802987,0.02261311,1472,0.00044770,0.00000000,0,0.00000000,17417,17433,56,0.00053100
1684473832.67801213,0.02162103,1470,0.00047502,0.00000000,0,0.00000000,17433,17473,53,0.00046162
1684473832.77869439,0.02171131,1489,0.00035803,0.00000000,0,0.00000000,17473,17484,42,0.00043372
1684473832.87900233,0.02171259,1470,0.00032767,0.00000000,0,0.00000000,17484,17510,37,0.00040186
1684473832.97888637,0.02144169,1456,0.00046856,0.00000000,0,0.00000000,17510,17536,50,0.00039892
1684473833.07794809,0.02016343,1490,0.00037713,0.00000000,0,0.00000000,17536,17559,44,0.00038359
1684473833.17891741,0.02504569,1495,0.00055013,0.00000000,0,0.00000000,17559,17580,56,0.00042169
1684473833.27879858,0.02153040,1481,0.00035599,0.00000000,0,0.00000000,17580,17617,38,0.00040995
1684473833.37783599,0.02202331,1495,0.00030896,0.00000000,0,0.00000000,17617,17629,37,0.00037790
1684473833.47881413,0.02536601,1490,0.00042799,0.00000000,0,0.00000000,17629,17640,43,0.00038638
1684473833.57784033,0.02313237,1464,0.00041328,0.00000000,0,0.00000000,17640,17664,45,0.00049911
1684473833.67774558,0.02573489,1474,0.00038241,0.00000000,0,0.00000000,17664,17678,39,0.00038535
1684473833.77868891,0.02090298,1470,0.00040762,0.00000000,0,0.00000000,17678,17702,46,0.00041821
1684473833.87858868,0.02405455,1484,0.00044850,0.00000000,0,0.00000000,17702,17727,48,0.00049447
1684473833.97762799,0.02531265,1497,0.00042540,0.00000000,0,0.00000000,17727,17724,43,0.00052963
1684473834.07861733,0.02860158,1467,0.00031322,0.00000000,0,0.00000000,17724,17752,36,0.00038551
1684473834.17853951,0.02176182,1483,0.00034543,0.00000000,0,0.00000000,17752,17777,44,0.00038913
1684473834.27756119,0.02210933,1487,0.00035599,0.00000000,0,0.00000000,17777,17809,39,0.00042364
1684473834.37854052,0.02241061,1470,0.00030611,0.00000000,0,0.00000000,17809,17816,40,0.00049623
1684473834.47845268,0.02273089,1471,0.00038906,0.00000000,0,0.00000000,17816,17833,39,0.00037777
1684473834.57848477,0.02513779,1472,0.00031872,0.00000000,0,0.00000000,17833,17850,37,0.00041008
1684473834.67842603,0.02049171,1482,0.00025042,0.00000000,0,0.00000000,17850,17865,30,0.00043321
1684473834.77955866,0.02149221,1487,0.00025218,0.00000000,0,0.00000000,17865,17875,31,0.00043094
1684473834.87836599,0.02049562,1474,0.00025707,0.00000000,0,0.00000000,17875,17899,34,0.00044217
1684473834.97850394,0.02376711,1492,0.00075407,0.00000000,0,0.00000000,17899,17836,34,0.00042416
1684473835.07840300,0.02241528,1474,0.00018599,0.00000000,0,0.00000000,17836,17855,27,0.00038475
1684473835.17831016,0.02352565,1474,0.00034089,0.00000000,0,0.00000000,17855,17847,32,0.00042803
1684473835.27838254,0.02628051,1478,0.00027659,0.00000000,0,0.00000000,17847,17868,30,0.00046373
1684473835.37849402,0.02248527,1459,0.00020688,0.00000000,0,0.00000000,17868,17888,23,0.00039143
1684473835.47834492,0.02225053,1461,0.00024504,0.00000000,0,0.00000000,17888,17911,30,0.00050442
1684473835.57818651,0.02017770,1474,0.00026564,0.00000000,0,0.00000000,17911,17921,31,0.00052118
1684473835.67819834,0.02210280,1450,0.00020304,0.00000000,0,0.00000000,17921,17931,20,0.00052115
1684473835.77835488,0.02516399,1450,0.00015090,0.00000000,0,0.00000000,17931,17941,18,0.00055877
1684473835.87827682,0.01946915,1416,0.00023868,0.00000000,0,0.00000000,17941,17945,24,0.00039876
1684473835.97804618,0.02112867,1495,0.00025701,0.00000000,0,0.00000000,17945,17963,27,0.00041501
1684473836.07813072,0.02322402,1443,0.00051219,0.00000000,0,0.00000000,17963,17932,28,0.00039812
1684473836.17958784,0.02168434,1440,0.00017994,0.00000000,0,0.00000000,17932,17950,24,0.00057924
1684473836.27799416,0.02445909,1452,0.00032108,0.00000000,0,0.00000000,17950,17964,22,0.00037643
1684473836.37809277,0.02206351,1421,0.00025375,0.00000000,0,0.00000000,17964,17974,19,0.00045493
1684473836.47814870,0.02004593,1428,0.00022438,0.00000000,0,0.00000000,17974,17988,29,0.00042540
1684473836.57853150,0.02158034,1435,0.00017569,0.00000000,0,0.00000000,17988,17991,19,0.00042742
1684473836.67794847,0.02210760,1430,0.00013029,0.00000000,0,0.00000000,17991,18008,18,0.00052582
1684473836.77792501,0.02193187,1437,0.00013692,0.00000000,0,0.00000000,18008,18010,13,0.00038318
1684473836.87798500,0.02063103,1404,0.00015323,0.00000000,0,0.00000000,18010,18018,14,0.00047083
1684473836.97787237,0.01981266,1402,0.00022732,0.00000000,0,0.00000000,18018,18031,17,0.00047201
1684473837.07776237,0.02601413,1405,0.00015419,0.00000000,0,0.00000000,18031,18041,19,0.00049585
1684473837.17771220,0.02213431,1408,0.00013273,0.00000000,0,0.00000000,18041,18059,18,0.00045458
1684473837.27792692,0.02412540,1383,0.00011737,0.00000000,0,0.00000000,18059,18069,13,0.00043602
1684473837.37771320,0.02429776,1389,0.00016197,0.00000000,0,0.00000000,18069,18073,14,0.00040589
1684473837.47778273,0.02430797,1395,0.00020346,0.00000000,0,0.00000000,18073,18092,20,0.00050186
1684473837.57764673,0.02105826,1429,0.00012428,0.00000000,0,0.00000000,18092,18104,13,0.00041280
1684473837.67758775,0.02040841,1387,0.00016731,0.00000000,0,0.00000000,18104,18118,17,0.00040599
1684473837.77769685,0.01876678,1404,0.00011193,0.00000000,0,0.00000000,18118,18126,15,0.00039165
1684473837.87757564,0.02040595,1412,0.00012329,0.00000000,0,0.00000000,18126,18138,16,0.00058785
1684473837.99362922,0.02270178,1390,0.00020720,0.00000000,0,0.00000000,18138,18153,23,0.00040557
1684473838.07870626,0.02379161,1404,0.00030061,0.00000000,0,0.00000000,18153,18155,25,0.00040279
1684473838.17805767,0.02174195,1410,0.00015746,0.00000000,0,0.00000000,18155,18164,20,0.00037947
1684473838.27812767,0.02373003,1430,0.00015269,0.00000000,0,0.00000000,18164,18161,12,0.00039012
1684473838.37747598,0.02379267,1383,0.00015954,0.00000000,0,0.00000000,18161,18181,21,0.00043436
1684473838.47760534,0.02124373,1419,0.00015259,0.00000000,0,0.00000000,18181,18191,14,0.00047396
1684473838.58002353,0.02110154,1434,0.00009466,0.00000000,0,0.00000000,18191,18204,13,0.00044252
1684473838.67759395,0.02286109,1397,0.00018708,0.00000000,0,0.00000000,18204,18218,17,0.00057819
1684473838.77794743,0.01963268,1407,0.00013849,0.00000000,0,0.00000000,18218,18227,16,0.00052131
1684473838.87781763,0.02424501,1437,0.00013158,0.00000000,0,0.00000000,18227,18241,16,0.00038574
1684473838.97755218,0.02271365,1404,0.00009731,0.00000000,0,0.00000000,18241,18242,6,0.00053593
1684473839.07765603,0.02637337,1443,0.00025378,0.00000000,0,0.00000000,18242,18236,19,0.00040819
1684473839.17882562,0.02086363,1412,0.00016734,0.00000000,0,0.00000000,18236,18256,26,0.00038407
1684473839.27874970,0.02143820,1418,0.00023586,0.00000000,0,0.00000000,18256,18264,18,0.00042918
1684473839.37784123,0.02053208,1401,0.00018567,0.00000000,0,0.00000000,18264,18251,18,0.00038046
1684473839.47764945,0.02544678,1419,0.00018481,0.00000000,0,0.00000000,18251,18262,15,0.00040100
1684473839.57864475,0.02029414,1435,0.00012649,0.00000000,0,0.00000000,18262,18270,15,0.00044895
1684473839.67914796,0.02391270,1396,0.00008212,0.00000000,0,0.00000000,18270,18273,8,0.00057249
1684473839.77863479,0.02014456,1398,0.00020272,0.00000000,0,0.00000000,18273,18273,21,0.00042374
1684473839.87966466,0.02629919,1454,0.00016321,0.00000000,0,0.00000000,18273,18271,10,0.00043753
1684473839.97862792,0.01925910,1402,0.00008209,0.00000000,0,0.00000000,18271,18280,10,0.00041789
1684473840.07849526,0.02096804,1426,0.00011040,0.00000000,0,0.00000000,18280,18291,15,0.00059511
1684473840.17863202,0.01884624,1438,0.00007099,0.00000000,0,0.00000000,18291,18300,11,0.00041014
1684473840.27850389,0.02133203,1398,0.00023343,0.00000000,0,0.00000000,18300,18282,18,0.00050413
1684473840.37859082,0.02093260,1408,0.00015928,0.00000000,0,0.00000000,18282,18300,21,0.00037499
1684473840.47930241,0.02146091,1416,0.00010854,0.00000000,0,0.00000000,18300,18305,11,0.00040474
1684473840.57841325,0.02124101,1397,0.00006532,0.00000000,0,0.00000000,18305,18307,7,0.00041110
1684473840.67833662,0.02474616,1426,0.00030858,0.00000000,0,0.00000000,18307,18318,24,0.00044217
1684473840.77841997,0.02192419,1432,0.00009056,0.00000000,0,0.00000000,18318,18325,10,0.00038788
1684473840.87844634,0.01935536,1339,0.00006584,0.00000000,0,0.00000000,18325,18330,7,0.00042972
1684473840.98104739,0.02007651,1472,0.00010278,0.00000000,0,0.00000000,18330,18339,10,0.00057134
1684473841.07830095,0.02502752,1423,0.00030160,0.00000000,0,0.00000000,18339,18341,18,0.00046114
1684473841.17881799,0.01986711,1405,0.00015387,0.00000000,0,0.00000000,18341,18347,16,0.00037969
1684473841.27827573,0.02160541,1421,0.00017358,0.00000000,0,0.00000000,18347,18357,17,0.00043302
1684473841.37819457,0.02228351,1406,0.00009232,0.00000000,0,0.00000000,18357,18366,10,0.00042252
1684473841.47806239,0.02279541,1419,0.00005841,0.00000000,0,0.00000000,18366,18372,7,0.00046546
1684473841.57826042,0.02160106,1436,0.00015531,0.00000000,0,0.00000000,18372,18365,8,0.00040781
1684473841.67809010,0.02244483,1429,0.00011859,0.00000000,0,0.00000000,18365,18364,9,0.00040579
1684473841.77816200,0.02066577,1404,0.00005550,0.00000000,0,0.00000000,18364,18366,7,0.00079159
1684473841.87806797,0.02432095,1440,0.00015813,0.00000000,0,0.00000000,18366,18374,13,0.00040039
1684473841.97808766,0.02050246,1390,0.00015486,0.00000000,0,0.00000000,18374,18387,16,0.00042112
1684473842.07808685,0.01990792,1419,0.00006558,0.00000000,0,0.00000000,18387,18393,8,0.00047086
1684473842.17803264,0.01981278,1381,0.00023193,0.00000000,0,0.00000000,18393,18404,16,0.00050458
1684473842.27957940,0.02278792,1477,0.00018561,0.00000000,0,0.00000000,18404,18415,16,0.00050650
1684473842.37797832,0.02003291,1420,0.00011840,0.00000000,0,0.00000000,18415,18419,10,0.00049095
1684473842.47787237,0.02831120,1442,0.00012287,0.00000000,0,0.00000000,18419,18431,13,0.00040141
1684473842.57778740,0.01932958,1411,0.00010429,0.00000000,0,0.00000000,18431,18444,14,0.00036923
1684473842.67785835,0.02005524,1418,0.00009971,0.00000000,0,0.00000000,18444,18452,9,0.00061642
1684473842.77781320,0.02229051,1421,0.00008340,0.00000000,0,0.00000000,18452,18461,10,0.00039319
1684473842.87785530,0.02049574,1392,0.00012041,0.00000000,0,0.00000000,18461,18469,11,0.00053315
1684473842.97779584,0.02233267,1433,0.00013042,0.00000000,0,0.00000000,18469,18478,12,0.00038068
1684473843.07766390,0.01878047,1416,0.00011936,0.00000000,0,0.00000000,18478,18477,12,0.00040074
1684473843.17760086,0.02471369,1420,0.00018209,0.00000000,0,0.00000000,18477,18484,16,0.00052944
1684473843.27769804,0.02283329,1423,0.00017962,0.00000000,0,0.00000000,18484,18460,9,0.00043062
1684473843.37755752,0.02099629,1419,0.00018340,0.00000000,0,0.00000000,18460,18465,15,0.00044021
1684473843.47770905,0.02105218,1412,0.00015595,0.00000000,0,0.00000000,18465,18460,10,0.00046392
1684473843.57756639,0.02209681,1437,0.00014328,0.00000000,0,0.00000000,18460,18442,9,0.00048817
1684473843.67765093,0.01974516,1394,0.00015797,0.00000000,0,0.00000000,18442,18443,14,0.00039354
1684473843.77759695,0.02016189,1420,0.00017467,0.00000000,0,0.00000000,18443,18451,12,0.00047259
1684473843.87745285,0.02384596,1441,0.00013189,0.00000000,0,0.00000000,18451,18458,17,0.00052332
1684473843.97757769,0.02020130,1388,0.00019885,0.00000000,0,0.00000000,18458,18469,16,0.00038657
1684473844.07820964,0.02134971,1445,0.00007527,0.00000000,0,0.00000000,18469,18478,10,0.00045845
1684473844.17755699,0.02146197,1445,0.00012972,0.00000000,0,0.00000000,18478,18493,16,0.00039895
1684473844.27800131,0.02005133,1406,0.00005880,0.00000000,0,0.00000000,18493,18500,7,0.00051811
1684473844.37970901,0.02075332,1401,0.00010202,0.00000000,0,0.00000000,18500,18512,13,0.00041133
1684473844.47804737,0.02080467,1407,0.00004651,0.00000000,0,0.00000000,18512,18517,7,0.00038106
1684473844.57788396,0.02185033,1424,0.00009514,0.00000000,0,0.00000000,18517,18529,12,0.00038091
1684473844.67793822,0.02138254,1409,0.00009613,0.00000000,0,0.00000000,18529,18533,9,0.00038423
1684473844.77787971,0.02163225,1426,0.00019517,0.00000000,0,0.00000000,18533,18541,20,0.00058091
1684473844.87882495,0.01922119,1351,0.00006491,0.00000000,0,0.00000000,18541,18549,9,0.00044214
1684473844.97690105,0.02132578,1479,0.00012233,0.00000000,0,0.00000000,18549,18557,14,0.00040595
1684473845.07903695,0.02502240,1407,0.00012911,0.00000000,0,0.00000000,18557,18561,13,0.00040695
1684473845.17872453,0.02105019,1394,0.00015803,0.00000000,0,0.00000000,18561,18566,17,0.00045071
1684473845.27778816,0.02320651,1428,0.00017233,0.00000000,0,0.00000000,18566,18579,18,0.00038094
1684473845.37885070,0.02348441,1402,0.00007611,0.00000000,0,0.00000000,18579,18588,9,0.00040938
1684473845.47861814,0.02308847,1428,0.00012489,0.00000000,0,0.00000000,18588,18600,12,0.00065157
1684473845.57869720,0.02027104,1426,0.00028589,0.00000000,0,0.00000000,18600,18574,20,0.00048586
1684473845.67861199,0.02101622,1411,0.00011996,0.00000000,0,0.00000000,18574,18577,11,0.00055106
1684473845.77851868,0.02324442,1429,0.00017252,0.00000000,0,0.00000000,18577,18583,20,0.00047188
1684473845.87869859,0.02307091,1410,0.00013493,0.00000000,0,0.00000000,18583,18597,15,0.00041590
1684473845.97854900,0.02588235,1397,0.00020125,0.00000000,0,0.00000000,18597,18613,19,0.00043442
1684473846.07842612,0.01925721,1414,0.00015096,0.00000000,0,0.00000000,18613,18614,18,0.00042080
1684473846.17855310,0.02163404,1420,0.00008852,0.00000000,0,0.00000000,18614,18623,9,0.00066021
1684473846.27842259,0.01862931,1396,0.00006510,0.00000000,0,0.00000000,18623,18630,8,0.00050762
1684473846.37830400,0.02767213,1445,0.00017521,0.00000000,0,0.00000000,18630,18642,20,0.00038791
1684473846.47849202,0.02061880,1423,0.00014754,0.00000000,0,0.00000000,18642,18652,15,0.00040157
1684473846.57853341,0.02868007,1419,0.00013461,0.00000000,0,0.00000000,18652,18662,15,0.00057320
1684473846.67845011,0.02677830,1428,0.00019885,0.00000000,0,0.00000000,18662,18664,16,0.00039079
1684473846.77850342,0.02209802,1381,0.00010192,0.00000000,0,0.00000000,18664,18669,10,0.00220268
1684473846.87838840,0.02323713,1421,0.00012364,0.00000000,0,0.00000000,18669,18681,16,0.00040391
1684473846.97855496,0.03002609,1411,0.00014693,0.00000000,0,0.00000000,18681,18684,13,0.00041094
1684473847.07842398,0.02221946,1417,0.00008653,0.00000000,0,0.00000000,18684,18690,11,0.00052412
1684473847.17829967,0.02114802,1413,0.00010953,0.00000000,0,0.00000000,18690,18697,11,0.00038644
1684473847.27950525,0.02221575,1390,0.00010317,0.00000000,0,0.00000000,18697,18699,9,0.00054028
1684473847.37828779,0.01847106,1264,0.00012623,0.00000000,0,0.00000000,18699,18710,15,0.00039021
1684473847.48099256,0.02160419,1495,0.00010656,0.00000000,0,0.00000000,18710,18713,11,0.00044834
1684473847.57761765,0.02419001,1484,0.00009978,0.00000000,0,0.00000000,18713,18723,11,0.00038449
1684473847.67821765,0.02259892,1424,0.00012434,0.00000000,0,0.00000000,18723,18715,6,0.00047902
1684473847.77811313,0.02057738,1416,0.00019907,0.00000000,0,0.00000000,18715,18712,18,0.00035154
1684473847.87796402,0.02452405,1412,0.00007486,0.00000000,0,0.00000000,18712,18714,6,0.00069383
1684473847.97809863,0.02113631,1428,0.00007271,0.00000000,0,0.00000000,18714,18721,8,0.00049479
1684473848.07799029,0.02051336,1405,0.00017594,0.00000000,0,0.00000000,18721,18710,10,0.00054764
1684473848.17789817,0.01865471,1415,0.00007073,0.00000000,0,0.00000000,18710,18713,7,0.00038203
1684473848.27800250,0.02035357,1423,0.00008532,0.00000000,0,0.00000000,18713,18716,8,0.00045960
1684473848.37787056,0.02099043,1403,0.00007083,0.00000000,0,0.00000000,18716,18720,7,0.00038126
1684473848.47779894,0.02390626,1415,0.00012978,0.00000000,0,0.00000000,18720,18727,15,0.00040791
1684473848.57790780,0.02192438,1433,0.00006996,0.00000000,0,0.00000000,18727,18736,9,0.00039130
1684473848.67800570,0.02250862,1382,0.00014072,0.00000000,0,0.00000000,18736,18741,15,0.00038324
1684473848.77769470,0.02464110,1415,0.00005122,0.00000000,0,0.00000000,18741,18743,4,0.00037924
1684473848.87780190,0.02085377,1428,0.00005099,0.00000000,0,0.00000000,18743,18747,6,0.00054127
1684473848.97770953,0.01964918,1351,0.00006212,0.00000000,0,0.00000000,18747,18748,7,0.00041635
1684473849.07998633,0.02251361,1474,0.00013676,0.00000000,0,0.00000000,18748,18749,13,0.00054793
1684473849.17768669,0.02634125,1435,0.00008791,0.00000000,0,0.00000000,18749,18753,10,0.00054354
1684473849.27910733,0.02114110,1399,0.00024613,0.00000000,0,0.00000000,18753,18726,8,0.00056507
1684473849.37749457,0.02156996,1437,0.00010675,0.00000000,0,0.00000000,18726,18739,14,0.00036536
1684473849.47760582,0.02369756,1395,0.00005742,0.00000000,0,0.00000000,18739,18744,6,0.00051878
1684473849.57933712,0.02217051,1427,0.00010918,0.00000000,0,0.00000000,18744,18752,14,0.00042214
1684473849.67758036,0.02162710,1452,0.00015298,0.00000000,0,0.00000000,18752,18763,16,0.00040896
1684473849.77774429,0.02048352,1420,0.00008148,0.00000000,0,0.00000000,18763,18772,9,0.00038234
1684473849.87760353,0.02103080,1428,0.00011785,0.00000000,0,0.00000000,18772,18782,14,0.00042371
1684473849.97749639,0.02495816,1452,0.00004408,0.00000000,0,0.00000000,18782,18786,5,0.00057950
1684473850.07759953,0.02127815,1421,0.00012086,0.00000000,0,0.00000000,18786,18782,10,0.00040659
1684473850.17810869,0.02312346,1425,0.00008394,0.00000000,0,0.00000000,18782,18789,10,0.00053311
1684473850.27796388,0.02605666,1444,0.00009507,0.00000000,0,0.00000000,18789,18792,8,0.00046808
1684473850.37808657,0.02502441,1413,0.00008733,0.00000000,0,0.00000000,18792,18799,8,0.00059060
1684473850.47797990,0.02105172,1424,0.00015262,0.00000000,0,0.00000000,18799,18802,13,0.00041379
1684473850.57807517,0.02111007,1440,0.00012003,0.00000000,0,0.00000000,18802,18809,12,0.00041664
1684473850.67797208,0.02308987,1408,0.00017908,0.00000000,0,0.00000000,18809,18806,14,0.00038110
1684473850.77891231,0.02280500,1422,0.00008161,0.00000000,0,0.00000000,18806,18809,9,0.00038769
1684473850.87795377,0.02263082,1440,0.00011724,0.00000000,0,0.00000000,18809,18815,13,0.00039402
1684473850.97888875,0.02554719,1404,0.00009172,0.00000000,0,0.00000000,18815,18821,8,0.00043558
1684473851.07876849,0.02060453,1418,0.00011497,0.00000000,0,0.00000000,18821,18821,12,0.00043158
1684473851.17789531,0.02315638,1442,0.00012153,0.00000000,0,0.00000000,18821,18822,11,0.00045592
1684473851.27876019,0.02303082,1396,0.00006967,0.00000000,0,0.00000000,18822,18829,9,0.00038820
1684473851.37866163,0.02188132,1411,0.00015531,0.00000000,0,0.00000000,18829,18823,16,0.00042342
1684473851.47779155,0.01993824,1413,0.00005934,0.00000000,0,0.00000000,18823,18821,6,0.00038241
1684473851.57869124,0.02281629,1405,0.00008333,0.00000000,0,0.00000000,18821,18821,8,0.00046283
1684473851.67854023,0.02324128,1415,0.00013538,0.00000000,0,0.00000000,18821,18823,13,0.00041897
1684473851.77766466,0.02131257,1413,0.00012489,0.00000000,0,0.00000000,18823,18835,16,0.00039354
1684473851.87845874,0.02141766,1412,0.00008493,0.00000000,0,0.00000000,18835,18846,12,0.00041136
1684473851.97843027,0.02570727,1412,0.00009306,0.00000000,0,0.00000000,18846,18856,10,0.00038577
1684473852.07760382,0.01996944,1405,0.00012182,0.00000000,0,0.00000000,18856,18861,15,0.00050000
1684473852.17961287,0.02549469,1412,0.00012227,0.00000000,0,0.00000000,18861,18866,11,0.00039127
1684473852.28190160,0.01985440,1381,0.00016878,0.00000000,0,0.00000000,18866,18872,15,0.00039453
1684473852.38191319,0.02029561,1476,0.00013337,0.00000000,0,0.00000000,18872,18880,14,0.00050320
1684473852.47855854,0.02014970,1394,0.00012726,0.00000000,0,0.00000000,18880,18879,11,0.00037550
1684473852.57922816,0.02104468,1418,0.00009699,0.00000000,0,0.00000000,18879,18878,9,0.00044479
1684473852.67831969,0.02250369,1416,0.00014220,0.00000000,0,0.00000000,18878,18876,13,0.00044255
